t,idx,name,x,y,conf
0.000000,0,nose,0.493863,0.126868,0.663927
0.000000,1,left_eye,0.504933,0.114062,0.733196
0.000000,2,right_eye,0.480766,0.113162,0.688451
0.000000,3,left_ear,0.516083,0.124309,0.548921
0.000000,4,right_ear,0.464874,0.122367,0.506454
0.000000,5,left_shoulder,0.542939,0.221067,0.816500
0.000000,6,right_shoulder,0.436526,0.226249,0.770299
0.000000,7,left_elbow,0.539215,0.353993,0.701417
0.000000,8,right_elbow,0.435326,0.351568,0.605348
0.000000,9,left_wrist,0.554172,0.460262,0.379150
0.000000,10,right_wrist,0.423896,0.463608,0.507274
0.000000,11,left_hip,0.525658,0.452997,0.711943
0.000000,12,right_hip,0.460350,0.453973,0.693486
0.000000,13,left_knee,0.521204,0.619718,0.728844
0.000000,14,right_knee,0.464743,0.626058,0.729122
0.000000,15,left_ankle,0.541166,0.790231,0.704035
0.000000,16,right_ankle,0.448748,0.799318,0.700606
0.160000,0,nose,0.494965,0.127749,0.630125
0.160000,1,left_eye,0.506513,0.114490,0.773969
0.160000,2,right_eye,0.482269,0.113577,0.658031
0.160000,3,left_ear,0.516684,0.125118,0.550528
0.160000,4,right_ear,0.464734,0.123034,0.534937
0.160000,5,left_shoulder,0.542604,0.222385,0.818142
0.160000,6,right_shoulder,0.437036,0.227161,0.765423
0.160000,7,left_elbow,0.536780,0.351477,0.502933
0.160000,8,right_elbow,0.434118,0.351796,0.599709
0.160000,9,left_wrist,0.554289,0.460397,0.385039
0.160000,10,right_wrist,0.423369,0.465440,0.480383
0.160000,11,left_hip,0.525414,0.452106,0.691161
0.160000,12,right_hip,0.460563,0.452716,0.662592
0.160000,13,left_knee,0.521573,0.622548,0.705519
0.160000,14,right_knee,0.464878,0.628339,0.725949
0.160000,15,left_ankle,0.539997,0.791714,0.709930
0.160000,16,right_ankle,0.451036,0.800871,0.581099
0.330000,0,nose,0.494371,0.127295,0.665288
0.330000,1,left_eye,0.505767,0.114421,0.768543
0.330000,2,right_eye,0.481459,0.113494,0.674410
0.330000,3,left_ear,0.516448,0.125028,0.568587
0.330000,4,right_ear,0.464505,0.122915,0.547752
0.330000,5,left_shoulder,0.542304,0.221756,0.824634
0.330000,6,right_shoulder,0.436323,0.227192,0.759989
0.330000,7,left_elbow,0.535812,0.351813,0.498259
0.330000,8,right_elbow,0.434167,0.352343,0.598528
0.330000,9,left_wrist,0.553926,0.461686,0.387027
0.330000,10,right_wrist,0.421531,0.464138,0.500791
0.330000,11,left_hip,0.524660,0.452817,0.700688
0.330000,12,right_hip,0.459815,0.453899,0.686690
0.330000,13,left_knee,0.521872,0.618872,0.740613
0.330000,14,right_knee,0.464564,0.625265,0.724033
0.330000,15,left_ankle,0.540637,0.785638,0.663532
0.330000,16,right_ankle,0.450461,0.797587,0.688812
0.490000,0,nose,0.494691,0.128592,0.700843
0.490000,1,left_eye,0.506327,0.115749,0.795262
0.490000,2,right_eye,0.482424,0.114553,0.684395
0.490000,3,left_ear,0.517526,0.126872,0.444615
0.490000,4,right_ear,0.466177,0.123213,0.543305
0.490000,5,left_shoulder,0.543637,0.221193,0.813897
0.490000,6,right_shoulder,0.434687,0.226925,0.748962
0.490000,7,left_elbow,0.536329,0.352286,0.509425
0.490000,8,right_elbow,0.434141,0.352587,0.617820
0.490000,9,left_wrist,0.554372,0.462026,0.389083
0.490000,10,right_wrist,0.421021,0.464901,0.509612
0.490000,11,left_hip,0.522992,0.448454,0.789502
0.490000,12,right_hip,0.459986,0.451039,0.652507
0.490000,13,left_knee,0.521476,0.619880,0.750663
0.490000,14,right_knee,0.464886,0.627843,0.741747
0.490000,15,left_ankle,0.541483,0.793683,0.783201
0.490000,16,right_ankle,0.449179,0.801886,0.736649
0.650000,0,nose,0.495526,0.129848,0.683415
0.650000,1,left_eye,0.506038,0.117602,0.717086
0.650000,2,right_eye,0.482567,0.117316,0.628844
0.650000,3,left_ear,0.518824,0.128497,0.441240
0.650000,4,right_ear,0.464848,0.126058,0.511605
0.650000,5,left_shoulder,0.539234,0.233100,0.734562
0.650000,6,right_shoulder,0.440012,0.233453,0.689187
0.650000,7,left_elbow,0.547837,0.359038,0.548397
0.650000,8,right_elbow,0.427381,0.356520,0.417675
0.650000,9,left_wrist,0.572695,0.463838,0.410502
0.650000,10,right_wrist,0.412088,0.472443,0.314176
0.650000,11,left_hip,0.522818,0.446845,0.700061
0.650000,12,right_hip,0.456770,0.450858,0.513188
0.650000,13,left_knee,0.521795,0.620072,0.620095
0.650000,14,right_knee,0.459552,0.623169,0.599563
0.650000,15,left_ankle,0.539346,0.793628,0.576584
0.650000,16,right_ankle,0.448500,0.803584,0.466317
0.810000,0,nose,0.496217,0.131522,0.730842
0.810000,1,left_eye,0.505468,0.119146,0.690076
0.810000,2,right_eye,0.481959,0.119683,0.658869
0.810000,3,left_ear,0.517433,0.129267,0.606862
0.810000,4,right_ear,0.464761,0.128500,0.602409
0.810000,5,left_shoulder,0.539929,0.225406,0.831932
0.810000,6,right_shoulder,0.439790,0.229143,0.803862
0.810000,7,left_elbow,0.565560,0.333126,0.683587
0.810000,8,right_elbow,0.416322,0.338429,0.493775
0.810000,9,left_wrist,0.606228,0.421659,0.516266
0.810000,10,right_wrist,0.381841,0.429422,0.606214
0.810000,11,left_hip,0.525886,0.445033,0.769256
0.810000,12,right_hip,0.461558,0.448020,0.753868
0.810000,13,left_knee,0.525711,0.614301,0.735224
0.810000,14,right_knee,0.459233,0.618067,0.694833
0.810000,15,left_ankle,0.539149,0.791515,0.695271
0.810000,16,right_ankle,0.449702,0.800863,0.520593
0.970000,0,nose,0.496055,0.132356,0.766552
0.970000,1,left_eye,0.505246,0.119295,0.725406
0.970000,2,right_eye,0.481310,0.120262,0.695168
0.970000,3,left_ear,0.518358,0.130591,0.581186
0.970000,4,right_ear,0.466332,0.128448,0.652604
0.970000,5,left_shoulder,0.536712,0.213176,0.858177
0.970000,6,right_shoulder,0.443317,0.218416,0.860385
0.970000,7,left_elbow,0.572396,0.281174,0.569724
0.970000,8,right_elbow,0.404040,0.292920,0.645371
0.970000,9,left_wrist,0.612303,0.310023,0.708061
0.970000,10,right_wrist,0.370270,0.315659,0.815857
0.970000,11,left_hip,0.522469,0.443794,0.782129
0.970000,12,right_hip,0.465042,0.444790,0.786801
0.970000,13,left_knee,0.526474,0.610086,0.799691
0.970000,14,right_knee,0.461292,0.612934,0.800065
0.970000,15,left_ankle,0.540252,0.787885,0.721389
0.970000,16,right_ankle,0.447958,0.796976,0.695146
1.130000,0,nose,0.497829,0.134638,0.694189
1.130000,1,left_eye,0.507078,0.119887,0.696287
1.130000,2,right_eye,0.484943,0.120884,0.679219
1.130000,3,left_ear,0.519030,0.128994,0.522398
1.130000,4,right_ear,0.467649,0.131217,0.560899
1.130000,5,left_shoulder,0.538254,0.211089,0.726128
1.130000,6,right_shoulder,0.451283,0.211788,0.676841
1.130000,7,left_elbow,0.554343,0.251943,0.514320
1.130000,8,right_elbow,0.424968,0.250312,0.485531
1.130000,9,left_wrist,0.581365,0.228857,0.615691
1.130000,10,right_wrist,0.406133,0.229881,0.550772
1.130000,11,left_hip,0.522433,0.447624,0.757249
1.130000,12,right_hip,0.462493,0.447525,0.743964
1.130000,13,left_knee,0.526476,0.608755,0.733977
1.130000,14,right_knee,0.460875,0.612197,0.777401
1.130000,15,left_ankle,0.543433,0.791701,0.738969
1.130000,16,right_ankle,0.447766,0.798154,0.677156
1.300000,0,nose,0.497352,0.135465,0.756203
1.300000,1,left_eye,0.506598,0.121903,0.672567
1.300000,2,right_eye,0.483460,0.122720,0.614406
1.300000,3,left_ear,0.518325,0.133624,0.547670
1.300000,4,right_ear,0.467183,0.136081,0.542972
1.300000,5,left_shoulder,0.532461,0.215277,0.714182
1.300000,6,right_shoulder,0.445504,0.218395,0.747141
1.300000,7,left_elbow,0.540969,0.257640,0.464271
1.300000,8,right_elbow,0.435183,0.251160,0.566378
1.300000,9,left_wrist,0.576419,0.210010,0.461692
1.300000,10,right_wrist,0.412472,0.216609,0.493245
1.300000,11,left_hip,0.518313,0.448628,0.720731
1.300000,12,right_hip,0.462049,0.448017,0.736274
1.300000,13,left_knee,0.525440,0.611168,0.785715
1.300000,14,right_knee,0.460895,0.616790,0.791101
1.300000,15,left_ankle,0.541540,0.793878,0.731566
1.300000,16,right_ankle,0.446672,0.798772,0.654662
1.460000,0,nose,0.496354,0.136530,0.718788
1.460000,1,left_eye,0.504987,0.123894,0.449320
1.460000,2,right_eye,0.482346,0.124181,0.513396
1.460000,3,left_ear,0.519239,0.132398,0.566549
1.460000,4,right_ear,0.464155,0.136207,0.556944
1.460000,5,left_shoulder,0.534510,0.220254,0.626334
1.460000,6,right_shoulder,0.445618,0.223536,0.652273
1.460000,7,left_elbow,0.539250,0.265310,0.380368
1.460000,8,right_elbow,0.447848,0.260405,0.427999
1.460000,9,left_wrist,0.559976,0.222947,0.282979
1.460000,10,right_wrist,0.429066,0.233828,0.339212
1.460000,11,left_hip,0.518638,0.447448,0.614339
1.460000,12,right_hip,0.465270,0.447230,0.679815
1.460000,13,left_knee,0.526092,0.608790,0.620643
1.460000,14,right_knee,0.461522,0.615341,0.638978
1.460000,15,left_ankle,0.541727,0.793179,0.623928
1.460000,16,right_ankle,0.447534,0.800983,0.589596
1.620000,0,nose,0.496393,0.135365,0.743239
1.620000,1,left_eye,0.507061,0.122068,0.648141
1.620000,2,right_eye,0.481801,0.122084,0.561230
1.620000,3,left_ear,0.519650,0.132863,0.601765
1.620000,4,right_ear,0.464749,0.133207,0.651448
1.620000,5,left_shoulder,0.541627,0.213604,0.629015
1.620000,6,right_shoulder,0.439401,0.219311,0.659354
1.620000,7,left_elbow,0.540231,0.263659,0.478399
1.620000,8,right_elbow,0.443051,0.263754,0.515653
1.620000,9,left_wrist,0.551688,0.242936,0.437765
1.620000,10,right_wrist,0.442472,0.233814,0.270640
1.620000,11,left_hip,0.522686,0.450339,0.723538
1.620000,12,right_hip,0.465183,0.449476,0.745441
1.620000,13,left_knee,0.527047,0.611105,0.711114
1.620000,14,right_knee,0.461307,0.616770,0.750561
1.620000,15,left_ankle,0.542791,0.790854,0.634489
1.620000,16,right_ankle,0.446755,0.799555,0.564539
1.780000,0,nose,0.496263,0.135071,0.718539
1.780000,1,left_eye,0.506732,0.121217,0.619321
1.780000,2,right_eye,0.482290,0.121728,0.546424
1.780000,3,left_ear,0.519629,0.131713,0.592200
1.780000,4,right_ear,0.464786,0.132185,0.615223
1.780000,5,left_shoulder,0.539999,0.216312,0.645895
1.780000,6,right_shoulder,0.441633,0.223045,0.633324
1.780000,7,left_elbow,0.539734,0.262731,0.447829
1.780000,8,right_elbow,0.442975,0.259877,0.457882
1.780000,9,left_wrist,0.550223,0.245833,0.505004
1.780000,10,right_wrist,0.435718,0.239994,0.293207
1.780000,11,left_hip,0.521934,0.451532,0.685690
1.780000,12,right_hip,0.464440,0.451014,0.705494
1.780000,13,left_knee,0.527027,0.610609,0.668131
1.780000,14,right_knee,0.461132,0.616807,0.716077
1.780000,15,left_ankle,0.542406,0.791486,0.603531
1.780000,16,right_ankle,0.446271,0.799958,0.566061
1.940000,0,nose,0.496421,0.136630,0.697356
1.940000,1,left_eye,0.505379,0.124346,0.400403
1.940000,2,right_eye,0.482944,0.123289,0.477064
1.940000,3,left_ear,0.520620,0.131680,0.585130
1.940000,4,right_ear,0.464480,0.132737,0.529805
1.940000,5,left_shoulder,0.537187,0.217943,0.625641
1.940000,6,right_shoulder,0.441777,0.222108,0.566990
1.940000,7,left_elbow,0.539867,0.264912,0.406822
1.940000,8,right_elbow,0.439044,0.263602,0.412146
1.940000,9,left_wrist,0.549429,0.245169,0.353927
1.940000,10,right_wrist,0.430062,0.241820,0.407778
1.940000,11,left_hip,0.521792,0.446621,0.600162
1.940000,12,right_hip,0.465293,0.446257,0.636880
1.940000,13,left_knee,0.527096,0.611670,0.633406
1.940000,14,right_knee,0.461272,0.618140,0.641608
1.940000,15,left_ankle,0.539980,0.791508,0.554742
1.940000,16,right_ankle,0.446367,0.799793,0.518671
2.110000,0,nose,0.495760,0.136308,0.732427
2.110000,1,left_eye,0.504581,0.123541,0.411929
2.110000,2,right_eye,0.482037,0.122760,0.512958
2.110000,3,left_ear,0.519744,0.131752,0.592500
2.110000,4,right_ear,0.464695,0.131833,0.607228
2.110000,5,left_shoulder,0.539064,0.215318,0.667011
2.110000,6,right_shoulder,0.440126,0.218811,0.606106
2.110000,7,left_elbow,0.536159,0.269743,0.408554
2.110000,8,right_elbow,0.439197,0.266692,0.434716
2.110000,9,left_wrist,0.549783,0.248338,0.432871
2.110000,10,right_wrist,0.430716,0.244367,0.474804
2.110000,11,left_hip,0.523709,0.449807,0.707529
2.110000,12,right_hip,0.464089,0.449517,0.724778
2.110000,13,left_knee,0.527642,0.613267,0.696422
2.110000,14,right_knee,0.460585,0.620966,0.721853
2.110000,15,left_ankle,0.541543,0.794002,0.607936
2.110000,16,right_ankle,0.446525,0.801934,0.578849
2.270000,0,nose,0.495884,0.136480,0.726418
2.270000,1,left_eye,0.504497,0.123656,0.447817
2.270000,2,right_eye,0.481549,0.123716,0.538366
2.270000,3,left_ear,0.519344,0.131584,0.529523
2.270000,4,right_ear,0.464098,0.131200,0.649810
2.270000,5,left_shoulder,0.542073,0.215079,0.666628
2.270000,6,right_shoulder,0.435239,0.218695,0.589831
2.270000,7,left_elbow,0.543699,0.265174,0.464396
2.270000,8,right_elbow,0.436572,0.268011,0.415162
2.270000,9,left_wrist,0.548231,0.248602,0.424603
2.270000,10,right_wrist,0.434130,0.244794,0.445002
2.270000,11,left_hip,0.524103,0.447761,0.707629
2.270000,12,right_hip,0.465585,0.448374,0.728809
2.270000,13,left_knee,0.528460,0.610688,0.656165
2.270000,14,right_knee,0.461022,0.616982,0.718079
2.270000,15,left_ankle,0.541286,0.788304,0.541147
2.270000,16,right_ankle,0.447013,0.799861,0.557446
2.430000,0,nose,0.495674,0.138701,0.646008
2.430000,1,left_eye,0.504813,0.126026,0.485374
2.430000,2,right_eye,0.481424,0.126568,0.384813
2.430000,3,left_ear,0.519740,0.132295,0.534597
2.430000,4,right_ear,0.463386,0.133197,0.626078
2.430000,5,left_shoulder,0.539764,0.221365,0.579047
2.430000,6,right_shoulder,0.438024,0.223103,0.557708
2.430000,7,left_elbow,0.545267,0.266015,0.449246
2.430000,8,right_elbow,0.429646,0.264503,0.525766
2.430000,9,left_wrist,0.548594,0.248916,0.395735
2.430000,10,right_wrist,0.438516,0.251207,0.271830
2.430000,11,left_hip,0.522657,0.445459,0.620633
2.430000,12,right_hip,0.464962,0.445625,0.652242
2.430000,13,left_knee,0.527723,0.612699,0.629281
2.430000,14,right_knee,0.460954,0.618827,0.650486
2.430000,15,left_ankle,0.541797,0.794281,0.544547
2.430000,16,right_ankle,0.446802,0.799620,0.502706
2.590000,0,nose,0.495065,0.140082,0.597409
2.590000,1,left_eye,0.503913,0.127339,0.544422
2.590000,2,right_eye,0.481285,0.128853,0.486051
2.590000,3,left_ear,0.519080,0.134025,0.445725
2.590000,4,right_ear,0.462935,0.135497,0.573061
2.590000,5,left_shoulder,0.535540,0.218464,0.505376
2.590000,6,right_shoulder,0.442126,0.224541,0.621148
2.590000,7,left_elbow,0.547084,0.266378,0.410666
2.590000,8,right_elbow,0.431152,0.265900,0.462254
2.590000,9,left_wrist,0.551036,0.253164,0.393168
2.590000,10,right_wrist,0.429066,0.248017,0.467133
2.590000,11,left_hip,0.522182,0.446135,0.582686
2.590000,12,right_hip,0.465802,0.446241,0.611530
2.590000,13,left_knee,0.527993,0.612913,0.589952
2.590000,14,right_knee,0.461729,0.619489,0.648397
2.590000,15,left_ankle,0.542554,0.794494,0.550544
2.590000,16,right_ankle,0.447589,0.800516,0.542303
2.750000,0,nose,0.496342,0.139514,0.591581
2.750000,1,left_eye,0.504835,0.126593,0.529116
2.750000,2,right_eye,0.482461,0.127826,0.408248
2.750000,3,left_ear,0.519402,0.133757,0.483194
2.750000,4,right_ear,0.463449,0.134782,0.560403
2.750000,5,left_shoulder,0.539133,0.217737,0.474473
2.750000,6,right_shoulder,0.445106,0.223788,0.627811
2.750000,7,left_elbow,0.549879,0.264751,0.434587
2.750000,8,right_elbow,0.432527,0.265012,0.490275
2.750000,9,left_wrist,0.554949,0.251240,0.409478
2.750000,10,right_wrist,0.428738,0.247252,0.511553
2.750000,11,left_hip,0.522053,0.447904,0.604768
2.750000,12,right_hip,0.466206,0.447166,0.632566
2.750000,13,left_knee,0.527927,0.610591,0.576266
2.750000,14,right_knee,0.461257,0.616742,0.660373
2.750000,15,left_ankle,0.542138,0.789425,0.497999
2.750000,16,right_ankle,0.448879,0.799438,0.558224
2.910000,0,nose,0.496174,0.139386,0.601118
2.910000,1,left_eye,0.504859,0.126534,0.508669
2.910000,2,right_eye,0.482264,0.127296,0.401246
2.910000,3,left_ear,0.519625,0.133355,0.511121
2.910000,4,right_ear,0.463545,0.133957,0.568771
2.910000,5,left_shoulder,0.542016,0.221902,0.554109
2.910000,6,right_shoulder,0.442162,0.223134,0.601955
2.910000,7,left_elbow,0.551162,0.264757,0.469344
2.910000,8,right_elbow,0.429875,0.264917,0.531812
2.910000,9,left_wrist,0.554540,0.251215,0.397706
2.910000,10,right_wrist,0.432307,0.248321,0.357924
2.910000,11,left_hip,0.522778,0.447351,0.621418
2.910000,12,right_hip,0.465137,0.447291,0.669386
2.910000,13,left_knee,0.527628,0.611284,0.597543
2.910000,14,right_knee,0.461450,0.616755,0.656236
2.910000,15,left_ankle,0.541670,0.791838,0.519625
2.910000,16,right_ankle,0.447540,0.798776,0.502223
3.080000,0,nose,0.495824,0.139500,0.600232
3.080000,1,left_eye,0.504526,0.126538,0.495549
3.080000,2,right_eye,0.482857,0.126874,0.332185
3.080000,3,left_ear,0.519657,0.132880,0.507603
3.080000,4,right_ear,0.463401,0.134095,0.561291
3.080000,5,left_shoulder,0.538047,0.216882,0.467160
3.080000,6,right_shoulder,0.443609,0.222935,0.595824
3.080000,7,left_elbow,0.548674,0.264555,0.443729
3.080000,8,right_elbow,0.429287,0.264053,0.476060
3.080000,9,left_wrist,0.552296,0.251983,0.383360
3.080000,10,right_wrist,0.429333,0.247023,0.508844
3.080000,11,left_hip,0.522164,0.445795,0.591355
3.080000,12,right_hip,0.465923,0.445646,0.603639
3.080000,13,left_knee,0.527438,0.612079,0.576439
3.080000,14,right_knee,0.460835,0.617998,0.621606
3.080000,15,left_ankle,0.540969,0.791378,0.533885
3.080000,16,right_ankle,0.445885,0.799552,0.482290
3.240000,0,nose,0.495799,0.139682,0.595976
3.240000,1,left_eye,0.504295,0.126594,0.506481
3.240000,2,right_eye,0.482072,0.128061,0.429150
3.240000,3,left_ear,0.519547,0.132917,0.498865
3.240000,4,right_ear,0.463503,0.134483,0.549933
3.240000,5,left_shoulder,0.540173,0.222556,0.524474
3.240000,6,right_shoulder,0.442792,0.223039,0.595411
3.240000,7,left_elbow,0.549524,0.265051,0.446716
3.240000,8,right_elbow,0.429078,0.264143,0.491694
3.240000,9,left_wrist,0.554019,0.252149,0.409992
3.240000,10,right_wrist,0.429000,0.247107,0.511984
3.240000,11,left_hip,0.523088,0.446375,0.604602
3.240000,12,right_hip,0.465799,0.446249,0.619732
3.240000,13,left_knee,0.527704,0.611751,0.572133
3.240000,14,right_knee,0.460997,0.616853,0.641923
3.240000,15,left_ankle,0.542079,0.792381,0.542457
3.240000,16,right_ankle,0.447518,0.800072,0.538011
3.400000,0,nose,0.495914,0.139680,0.599278
3.400000,1,left_eye,0.504330,0.126735,0.489968
3.400000,2,right_eye,0.482009,0.128193,0.422483
3.400000,3,left_ear,0.519691,0.132774,0.487124
3.400000,4,right_ear,0.463411,0.134164,0.568914
3.400000,5,left_shoulder,0.537115,0.216334,0.442681
3.400000,6,right_shoulder,0.443718,0.222010,0.578124
3.400000,7,left_elbow,0.549568,0.265575,0.448214
3.400000,8,right_elbow,0.429465,0.264177,0.485545
3.400000,9,left_wrist,0.554185,0.252249,0.402913
3.400000,10,right_wrist,0.428837,0.247211,0.508693
3.400000,11,left_hip,0.522699,0.444847,0.597520
3.400000,12,right_hip,0.465973,0.445091,0.600769
3.400000,13,left_knee,0.527793,0.612081,0.580184
3.400000,14,right_knee,0.461070,0.619250,0.635825
3.400000,15,left_ankle,0.541943,0.794296,0.530985
3.400000,16,right_ankle,0.446769,0.801762,0.533553
3.560000,0,nose,0.496131,0.139391,0.609249
3.560000,1,left_eye,0.504599,0.126662,0.483658
3.560000,2,right_eye,0.481781,0.127947,0.398390
3.560000,3,left_ear,0.519625,0.132631,0.484200
3.560000,4,right_ear,0.463323,0.133918,0.594790
3.560000,5,left_shoulder,0.537492,0.221393,0.503056
3.560000,6,right_shoulder,0.442697,0.220981,0.560140
3.560000,7,left_elbow,0.549258,0.265956,0.441638
3.560000,8,right_elbow,0.430388,0.267635,0.385900
3.560000,9,left_wrist,0.554215,0.251790,0.394398
3.560000,10,right_wrist,0.430973,0.251931,0.392831
3.560000,11,left_hip,0.522381,0.444067,0.589907
3.560000,12,right_hip,0.465810,0.443874,0.581606
3.560000,13,left_knee,0.527953,0.611007,0.556251
3.560000,14,right_knee,0.461325,0.615216,0.619920
3.560000,15,left_ankle,0.542821,0.792691,0.545634
3.560000,16,right_ankle,0.447589,0.799510,0.514944
3.720000,0,nose,0.496112,0.139242,0.600488
3.720000,1,left_eye,0.504471,0.126729,0.485941
3.720000,2,right_eye,0.481613,0.128049,0.452733
3.720000,3,left_ear,0.519596,0.132702,0.497030
3.720000,4,right_ear,0.463111,0.134985,0.586664
3.720000,5,left_shoulder,0.538443,0.217103,0.464618
3.720000,6,right_shoulder,0.442056,0.220532,0.509453
3.720000,7,left_elbow,0.551714,0.266601,0.450454
3.720000,8,right_elbow,0.430571,0.269851,0.457333
3.720000,9,left_wrist,0.552523,0.255040,0.401583
3.720000,10,right_wrist,0.441502,0.245984,0.264485
3.720000,11,left_hip,0.522897,0.444840,0.598024
3.720000,12,right_hip,0.465687,0.444194,0.588569
3.720000,13,left_knee,0.528314,0.612647,0.579204
3.720000,14,right_knee,0.461453,0.617355,0.632480
3.720000,15,left_ankle,0.542344,0.794310,0.567701
3.720000,16,right_ankle,0.447695,0.800404,0.526685
3.890000,0,nose,0.496479,0.139138,0.606010
3.890000,1,left_eye,0.504795,0.126653,0.499458
3.890000,2,right_eye,0.481975,0.127717,0.403215
3.890000,3,left_ear,0.519555,0.133202,0.507427
3.890000,4,right_ear,0.463639,0.134656,0.568445
3.890000,5,left_shoulder,0.540999,0.217929,0.492559
3.890000,6,right_shoulder,0.442155,0.221061,0.548618
3.890000,7,left_elbow,0.550360,0.265921,0.477785
3.890000,8,right_elbow,0.430043,0.265437,0.420042
3.890000,9,left_wrist,0.553765,0.253278,0.411786
3.890000,10,right_wrist,0.438784,0.245064,0.383984
3.890000,11,left_hip,0.522458,0.446872,0.605353
3.890000,12,right_hip,0.464943,0.445740,0.629090
3.890000,13,left_knee,0.527805,0.612669,0.604015
3.890000,14,right_knee,0.461078,0.618642,0.645545
3.890000,15,left_ankle,0.540949,0.792818,0.575644
3.890000,16,right_ankle,0.446932,0.799531,0.521346
4.050000,0,nose,0.497420,0.140048,0.570330
4.050000,1,left_eye,0.505371,0.127589,0.540453
4.050000,2,right_eye,0.484076,0.127992,0.386497
4.050000,3,left_ear,0.519533,0.133422,0.486824
4.050000,4,right_ear,0.463621,0.134882,0.509265
4.050000,5,left_shoulder,0.539004,0.218500,0.517810
4.050000,6,right_shoulder,0.443576,0.223222,0.595025
4.050000,7,left_elbow,0.550107,0.268120,0.427071
4.050000,8,right_elbow,0.428294,0.265918,0.470656
4.050000,9,left_wrist,0.556312,0.253616,0.348758
4.050000,10,right_wrist,0.428822,0.250236,0.377947
4.050000,11,left_hip,0.521394,0.446637,0.587055
4.050000,12,right_hip,0.465206,0.445593,0.622410
4.050000,13,left_knee,0.528004,0.611272,0.562176
4.050000,14,right_knee,0.461508,0.616810,0.632799
4.050000,15,left_ankle,0.542033,0.792194,0.525784
4.050000,16,right_ankle,0.446943,0.799661,0.516847
4.210000,0,nose,0.495920,0.140038,0.595490
4.210000,1,left_eye,0.504226,0.127308,0.507226
4.210000,2,right_eye,0.482057,0.128463,0.439642
4.210000,3,left_ear,0.518892,0.134173,0.435864
4.210000,4,right_ear,0.463121,0.134838,0.582449
4.210000,5,left_shoulder,0.538968,0.219114,0.529819
4.210000,6,right_shoulder,0.443288,0.223319,0.629415
4.210000,7,left_elbow,0.551121,0.265058,0.454052
4.210000,8,right_elbow,0.427378,0.264492,0.510772
4.210000,9,left_wrist,0.564257,0.250821,0.396359
4.210000,10,right_wrist,0.427385,0.247482,0.564808
4.210000,11,left_hip,0.521183,0.447893,0.587867
4.210000,12,right_hip,0.464086,0.446233,0.630488
4.210000,13,left_knee,0.527666,0.610255,0.562185
4.210000,14,right_knee,0.461047,0.615707,0.613098
4.210000,15,left_ankle,0.541333,0.787725,0.468641
4.210000,16,right_ankle,0.447756,0.798211,0.546746
4.370000,0,nose,0.495428,0.139019,0.642687
4.370000,1,left_eye,0.503902,0.126204,0.491023
4.370000,2,right_eye,0.481754,0.127019,0.402685
4.370000,3,left_ear,0.518685,0.133542,0.457382
4.370000,4,right_ear,0.463394,0.133960,0.611568
4.370000,5,left_shoulder,0.539225,0.217958,0.549765
4.370000,6,right_shoulder,0.442100,0.222653,0.632609
4.370000,7,left_elbow,0.549510,0.264334,0.475884
4.370000,8,right_elbow,0.427337,0.265326,0.466915
4.370000,9,left_wrist,0.563864,0.247732,0.505997
4.370000,10,right_wrist,0.427455,0.247480,0.598671
4.370000,11,left_hip,0.522057,0.449045,0.626031
4.370000,12,right_hip,0.465108,0.447567,0.676069
4.370000,13,left_knee,0.528161,0.611627,0.633341
4.370000,14,right_knee,0.461672,0.618297,0.671645
4.370000,15,left_ankle,0.541371,0.790882,0.556152
4.370000,16,right_ankle,0.447718,0.798535,0.566156
4.530000,0,nose,0.496496,0.133221,0.725014
4.530000,1,left_eye,0.505972,0.120635,0.606662
4.530000,2,right_eye,0.480943,0.122618,0.612873
4.530000,3,left_ear,0.519443,0.130104,0.456135
4.530000,4,right_ear,0.464472,0.131712,0.560227
4.530000,5,left_shoulder,0.532678,0.216755,0.679748
4.530000,6,right_shoulder,0.442270,0.219604,0.513398
4.530000,7,left_elbow,0.532518,0.262924,0.371731
4.530000,8,right_elbow,0.433835,0.267892,0.384814
4.530000,9,left_wrist,0.550753,0.237625,0.416223
4.530000,10,right_wrist,0.434143,0.243768,0.482272
4.530000,11,left_hip,0.519774,0.447242,0.570311
4.530000,12,right_hip,0.463158,0.446923,0.646201
4.530000,13,left_knee,0.528159,0.612679,0.586509
4.530000,14,right_knee,0.460695,0.621062,0.649995
4.530000,15,left_ankle,0.541855,0.794063,0.583753
4.530000,16,right_ankle,0.446466,0.801287,0.560809
4.700000,0,nose,0.494784,0.132520,0.722431
4.700000,1,left_eye,0.504532,0.120119,0.631606
4.700000,2,right_eye,0.481974,0.120411,0.634799
4.700000,3,left_ear,0.517841,0.130581,0.663624
4.700000,4,right_ear,0.466880,0.128999,0.597783
4.700000,5,left_shoulder,0.537002,0.206373,0.800438
4.700000,6,right_shoulder,0.441803,0.212731,0.836321
4.700000,7,left_elbow,0.515784,0.252756,0.386950
4.700000,8,right_elbow,0.462126,0.266449,0.465317
4.700000,9,left_wrist,0.494558,0.244883,0.203394
4.700000,10,right_wrist,0.460474,0.247567,0.460974
4.700000,11,left_hip,0.525092,0.448385,0.766264
4.700000,12,right_hip,0.463789,0.449207,0.756906
4.700000,13,left_knee,0.528030,0.618617,0.560794
4.700000,14,right_knee,0.460889,0.624066,0.796697
4.700000,15,left_ankle,0.543860,0.796868,0.684086
4.700000,16,right_ankle,0.446578,0.802196,0.680071
4.860000,0,nose,0.496320,0.134401,0.708895
4.860000,1,left_eye,0.507914,0.121838,0.642492
4.860000,2,right_eye,0.484466,0.119439,0.633846
4.860000,3,left_ear,0.516500,0.134914,0.721285
4.860000,4,right_ear,0.463323,0.128977,0.689510
4.860000,5,left_shoulder,0.517548,0.217168,0.667498
4.860000,6,right_shoulder,0.444925,0.212281,0.866610
4.860000,7,left_elbow,0.524551,0.267424,0.306519
4.860000,8,right_elbow,0.482598,0.257721,0.515928
4.860000,9,left_wrist,0.532009,0.268581,0.372491
4.860000,10,right_wrist,0.531262,0.268342,0.398550
4.860000,11,left_hip,0.519058,0.451157,0.672405
4.860000,12,right_hip,0.467424,0.453779,0.713340
4.860000,13,left_knee,0.527192,0.626193,0.722807
4.860000,14,right_knee,0.462429,0.630873,0.788754
4.860000,15,left_ankle,0.543649,0.798419,0.789616
4.860000,16,right_ankle,0.447257,0.803252,0.733103
5.020000,0,nose,0.496341,0.133150,0.647431
5.020000,1,left_eye,0.506428,0.118878,0.658067
5.020000,2,right_eye,0.483606,0.119405,0.642731
5.020000,3,left_ear,0.515492,0.129507,0.752598
5.020000,4,right_ear,0.465794,0.130071,0.538006
5.020000,5,left_shoulder,0.528388,0.211664,0.811661
5.020000,6,right_shoulder,0.456878,0.213748,0.580651
5.020000,7,left_elbow,0.495368,0.280211,0.402319
5.020000,8,right_elbow,0.492088,0.282785,0.482386
5.020000,9,left_wrist,0.429048,0.245386,0.375206
5.020000,10,right_wrist,0.565931,0.294707,0.473977
5.020000,11,left_hip,0.520320,0.450474,0.769221
5.020000,12,right_hip,0.468234,0.451992,0.794424
5.020000,13,left_knee,0.529329,0.615406,0.746858
5.020000,14,right_knee,0.462389,0.623719,0.793964
5.020000,15,left_ankle,0.543587,0.790271,0.759278
5.020000,16,right_ankle,0.447075,0.795880,0.684918
5.180000,0,nose,0.496347,0.132783,0.605965
5.180000,1,left_eye,0.506557,0.118121,0.685100
5.180000,2,right_eye,0.483598,0.118661,0.623397
5.180000,3,left_ear,0.516293,0.127395,0.672461
5.180000,4,right_ear,0.465464,0.128987,0.505104
5.180000,5,left_shoulder,0.532533,0.207297,0.733433
5.180000,6,right_shoulder,0.460836,0.209073,0.632898
5.180000,7,left_elbow,0.492322,0.282031,0.370878
5.180000,8,right_elbow,0.485049,0.283137,0.529992
5.180000,9,left_wrist,0.427851,0.242402,0.389792
5.180000,10,right_wrist,0.558217,0.288660,0.443502
5.180000,11,left_hip,0.521883,0.444252,0.753575
5.180000,12,right_hip,0.466788,0.444776,0.739896
5.180000,13,left_knee,0.528095,0.613911,0.758721
5.180000,14,right_knee,0.461433,0.619759,0.783686
5.180000,15,left_ankle,0.541953,0.791267,0.739458
5.180000,16,right_ankle,0.446970,0.799593,0.713288
5.340000,0,nose,0.496440,0.136578,0.715302
5.340000,1,left_eye,0.506465,0.123300,0.436375
5.340000,2,right_eye,0.482392,0.120800,0.579718
5.340000,3,left_ear,0.517772,0.131464,0.693611
5.340000,4,right_ear,0.465327,0.128072,0.626289
5.340000,5,left_shoulder,0.532605,0.207647,0.714717
5.340000,6,right_shoulder,0.445041,0.208017,0.786685
5.340000,7,left_elbow,0.509777,0.257218,0.286086
5.340000,8,right_elbow,0.467588,0.255585,0.493974
5.340000,9,left_wrist,0.499896,0.255222,0.187476
5.340000,10,right_wrist,0.498850,0.263239,0.306119
5.340000,11,left_hip,0.522126,0.450899,0.655337
5.340000,12,right_hip,0.467500,0.452566,0.674545
5.340000,13,left_knee,0.526531,0.624483,0.728724
5.340000,14,right_knee,0.462247,0.629984,0.787267
5.340000,15,left_ankle,0.543421,0.797724,0.778010
5.340000,16,right_ankle,0.447560,0.803200,0.720081
5.500000,0,nose,0.495236,0.133610,0.772435
5.500000,1,left_eye,0.504882,0.120385,0.664922
5.500000,2,right_eye,0.480924,0.122051,0.675344
5.500000,3,left_ear,0.516805,0.131181,0.724085
5.500000,4,right_ear,0.465322,0.130925,0.685069
5.500000,5,left_shoulder,0.532832,0.209177,0.814101
5.500000,6,right_shoulder,0.437827,0.215986,0.746561
5.500000,7,left_elbow,0.549798,0.247392,0.693541
5.500000,8,right_elbow,0.406198,0.260039,0.509667
5.500000,9,left_wrist,0.569220,0.211670,0.486770
5.500000,10,right_wrist,0.409916,0.247362,0.662226
5.500000,11,left_hip,0.521314,0.451237,0.764519
5.500000,12,right_hip,0.460761,0.450888,0.781561
5.500000,13,left_knee,0.528031,0.614899,0.550001
5.500000,14,right_knee,0.460559,0.620150,0.812717
5.500000,15,left_ankle,0.543273,0.790220,0.740436
5.500000,16,right_ankle,0.447198,0.798126,0.668223
5.670000,0,nose,0.492029,0.126925,0.728449
5.670000,1,left_eye,0.501605,0.116074,0.688537
5.670000,2,right_eye,0.477792,0.116282,0.846473
5.670000,3,left_ear,0.513627,0.127362,0.789434
5.670000,4,right_ear,0.461504,0.126189,0.735747
5.670000,5,left_shoulder,0.533689,0.205077,0.768791
5.670000,6,right_shoulder,0.438278,0.211539,0.782820
5.670000,7,left_elbow,0.587348,0.237744,0.806735
5.670000,8,right_elbow,0.387208,0.255315,0.702251
5.670000,9,left_wrist,0.657078,0.213328,0.713607
5.670000,10,right_wrist,0.315698,0.238236,0.761104
5.670000,11,left_hip,0.522930,0.448895,0.840898
5.670000,12,right_hip,0.462651,0.451049,0.769664
5.670000,13,left_knee,0.528552,0.614731,0.627393
5.670000,14,right_knee,0.461495,0.618267,0.843748
5.670000,15,left_ankle,0.544600,0.793282,0.685551
5.670000,16,right_ankle,0.448828,0.799823,0.666123
5.830000,0,nose,0.493061,0.123727,0.751736
5.830000,1,left_eye,0.502618,0.111863,0.661433
5.830000,2,right_eye,0.478829,0.111275,0.633108
5.830000,3,left_ear,0.513949,0.124998,0.714372
5.830000,4,right_ear,0.461003,0.122492,0.593069
5.830000,5,left_shoulder,0.531331,0.205395,0.763085
5.830000,6,right_shoulder,0.439773,0.210228,0.764892
5.830000,7,left_elbow,0.582513,0.247932,0.527435
5.830000,8,right_elbow,0.388516,0.256887,0.670439
5.830000,9,left_wrist,0.659962,0.237362,0.778000
5.830000,10,right_wrist,0.314850,0.256348,0.706214
5.830000,11,left_hip,0.522054,0.449173,0.821394
5.830000,12,right_hip,0.463648,0.451096,0.756245
5.830000,13,left_knee,0.528506,0.616075,0.614632
5.830000,14,right_knee,0.461765,0.618998,0.834396
5.830000,15,left_ankle,0.545021,0.796245,0.625474
5.830000,16,right_ankle,0.448943,0.800737,0.615814
5.990000,0,nose,0.493477,0.122710,0.762024
5.990000,1,left_eye,0.502598,0.109771,0.537890
5.990000,2,right_eye,0.479326,0.109774,0.506942
5.990000,3,left_ear,0.514129,0.120235,0.781482
5.990000,4,right_ear,0.463236,0.119611,0.803943
5.990000,5,left_shoulder,0.527786,0.196776,0.711469
5.990000,6,right_shoulder,0.447230,0.202716,0.741215
5.990000,7,left_elbow,0.572669,0.247968,0.570699
5.990000,8,right_elbow,0.408549,0.259577,0.654122
5.990000,9,left_wrist,0.635129,0.255241,0.703641
5.990000,10,right_wrist,0.369501,0.272830,0.661840
5.990000,11,left_hip,0.521436,0.445724,0.778861
5.990000,12,right_hip,0.466645,0.448057,0.705611
5.990000,13,left_knee,0.528054,0.615398,0.619625
5.990000,14,right_knee,0.462594,0.616404,0.820627
5.990000,15,left_ankle,0.544660,0.790353,0.675270
5.990000,16,right_ankle,0.449892,0.798330,0.697283
6.150000,0,nose,0.493299,0.123092,0.734046
6.150000,1,left_eye,0.502255,0.110157,0.539040
6.150000,2,right_eye,0.478995,0.110527,0.548625
6.150000,3,left_ear,0.514750,0.119893,0.751715
6.150000,4,right_ear,0.462917,0.119856,0.787960
6.150000,5,left_shoulder,0.529426,0.197756,0.697983
6.150000,6,right_shoulder,0.450466,0.204231,0.571563
6.150000,7,left_elbow,0.572718,0.248147,0.463301
6.150000,8,right_elbow,0.415715,0.265747,0.541843
6.150000,9,left_wrist,0.622730,0.259071,0.613338
6.150000,10,right_wrist,0.374285,0.281683,0.580817
6.150000,11,left_hip,0.521627,0.444147,0.719831
6.150000,12,right_hip,0.468112,0.446194,0.689531
6.150000,13,left_knee,0.528348,0.614531,0.533168
6.150000,14,right_knee,0.463030,0.614827,0.764337
6.150000,15,left_ankle,0.543991,0.790975,0.613370
6.150000,16,right_ankle,0.449884,0.799758,0.645737
6.310000,0,nose,0.493291,0.124574,0.665421
6.310000,1,left_eye,0.502641,0.112706,0.616173
6.310000,2,right_eye,0.480150,0.112501,0.633300
6.310000,3,left_ear,0.515316,0.123901,0.556630
6.310000,4,right_ear,0.462905,0.121168,0.682079
6.310000,5,left_shoulder,0.530806,0.204131,0.686883
6.310000,6,right_shoulder,0.446124,0.209532,0.786397
6.310000,7,left_elbow,0.588256,0.243411,0.722426
6.310000,8,right_elbow,0.401980,0.261805,0.508437
6.310000,9,left_wrist,0.657620,0.240485,0.689041
6.310000,10,right_wrist,0.339996,0.275798,0.722955
6.310000,11,left_hip,0.523066,0.444199,0.753322
6.310000,12,right_hip,0.465738,0.446313,0.681387
6.310000,13,left_knee,0.528515,0.614920,0.579450
6.310000,14,right_knee,0.462907,0.614786,0.790004
6.310000,15,left_ankle,0.544655,0.794137,0.625635
6.310000,16,right_ankle,0.449930,0.802043,0.614083
6.480000,0,nose,0.493292,0.126741,0.642308
6.480000,1,left_eye,0.503506,0.115873,0.714005
6.480000,2,right_eye,0.481072,0.115581,0.687134
6.480000,3,left_ear,0.518617,0.126872,0.440263
6.480000,4,right_ear,0.464959,0.124859,0.528673
6.480000,5,left_shoulder,0.537793,0.207219,0.735843
6.480000,6,right_shoulder,0.448800,0.210903,0.779135
6.480000,7,left_elbow,0.587788,0.233966,0.710004
6.480000,8,right_elbow,0.394916,0.249875,0.536614
6.480000,9,left_wrist,0.658170,0.213589,0.820319
6.480000,10,right_wrist,0.321601,0.254279,0.773032
6.480000,11,left_hip,0.522611,0.444667,0.755422
6.480000,12,right_hip,0.463008,0.446194,0.735140
6.480000,13,left_knee,0.528870,0.616090,0.581472
6.480000,14,right_knee,0.462236,0.618467,0.808864
6.480000,15,left_ankle,0.544850,0.796089,0.658292
6.480000,16,right_ankle,0.448852,0.803313,0.617144
6.640000,0,nose,0.494240,0.129022,0.672325
6.640000,1,left_eye,0.505502,0.116380,0.801780
6.640000,2,right_eye,0.483786,0.116942,0.624500
6.640000,3,left_ear,0.519470,0.127545,0.638624
6.640000,4,right_ear,0.469452,0.129651,0.612135
6.640000,5,left_shoulder,0.528237,0.205087,0.687660
6.640000,6,right_shoulder,0.455360,0.203027,0.679131
6.640000,7,left_elbow,0.550229,0.232482,0.656259
6.640000,8,right_elbow,0.422490,0.239344,0.602790
6.640000,9,left_wrist,0.596611,0.185154,0.541140
6.640000,10,right_wrist,0.374681,0.242083,0.658997
6.640000,11,left_hip,0.520267,0.446579,0.750650
6.640000,12,right_hip,0.462332,0.446127,0.718296
6.640000,13,left_knee,0.526921,0.613437,0.759495
6.640000,14,right_knee,0.461660,0.616152,0.789943
6.640000,15,left_ankle,0.542828,0.794999,0.733213
6.640000,16,right_ankle,0.447464,0.801978,0.684377
6.800000,0,nose,0.496637,0.131310,0.610357
6.800000,1,left_eye,0.506738,0.117934,0.830270
6.800000,2,right_eye,0.483876,0.119361,0.566412
6.800000,3,left_ear,0.522233,0.123501,0.570924
6.800000,4,right_ear,0.467456,0.130663,0.432804
6.800000,5,left_shoulder,0.540722,0.190019,0.671665
6.800000,6,right_shoulder,0.449971,0.203535,0.423720
6.800000,7,left_elbow,0.535927,0.247254,0.454680
6.800000,8,right_elbow,0.443527,0.273213,0.475330
6.800000,9,left_wrist,0.525416,0.197991,0.338721
6.800000,10,right_wrist,0.449703,0.245795,0.352541
6.800000,11,left_hip,0.521021,0.437859,0.585234
6.800000,12,right_hip,0.464949,0.439296,0.594648
6.800000,13,left_knee,0.527189,0.612678,0.657649
6.800000,14,right_knee,0.461831,0.616485,0.681260
6.800000,15,left_ankle,0.543713,0.795693,0.681989
6.800000,16,right_ankle,0.447342,0.801714,0.619484
6.960000,0,nose,0.499119,0.137048,0.601431
6.960000,1,left_eye,0.511963,0.123209,0.484935
6.960000,2,right_eye,0.488191,0.121178,0.681231
6.960000,3,left_ear,0.521369,0.133235,0.776806
6.960000,4,right_ear,0.468759,0.129071,0.641076
6.960000,5,left_shoulder,0.530004,0.216981,0.707176
6.960000,6,right_shoulder,0.446195,0.210242,0.783010
6.960000,7,left_elbow,0.504483,0.266192,0.257115
6.960000,8,right_elbow,0.495710,0.255522,0.326127
6.960000,9,left_wrist,0.531955,0.274306,0.243012
6.960000,10,right_wrist,0.548128,0.283537,0.462300
6.960000,11,left_hip,0.515867,0.451511,0.640675
6.960000,12,right_hip,0.466082,0.452950,0.810802
6.960000,13,left_knee,0.526195,0.620396,0.770226
6.960000,14,right_knee,0.461525,0.626102,0.799082
6.960000,15,left_ankle,0.539773,0.796559,0.508116
6.960000,16,right_ankle,0.445445,0.794783,0.653368
7.120000,0,nose,0.499554,0.135142,0.627771
7.120000,1,left_eye,0.512405,0.121924,0.650936
7.120000,2,right_eye,0.488644,0.118961,0.780609
7.120000,3,left_ear,0.520627,0.131507,0.792650
7.120000,4,right_ear,0.468782,0.125990,0.615056
7.120000,5,left_shoulder,0.531964,0.210540,0.757290
7.120000,6,right_shoulder,0.449259,0.206939,0.738201
7.120000,7,left_elbow,0.512504,0.271366,0.417452
7.120000,8,right_elbow,0.500427,0.259911,0.349841
7.120000,9,left_wrist,0.439511,0.225851,0.350680
7.120000,10,right_wrist,0.583289,0.291018,0.576646
7.120000,11,left_hip,0.518485,0.450742,0.647091
7.120000,12,right_hip,0.466176,0.451578,0.810403
7.120000,13,left_knee,0.527792,0.620145,0.764952
7.120000,14,right_knee,0.463423,0.626729,0.805848
7.120000,15,left_ankle,0.543328,0.793315,0.746234
7.120000,16,right_ankle,0.446845,0.796850,0.677406
7.280000,0,nose,0.501356,0.140412,0.497005
7.280000,1,left_eye,0.512698,0.125808,0.563891
7.280000,2,right_eye,0.489010,0.123794,0.645041
7.280000,3,left_ear,0.523313,0.132192,0.831016
7.280000,4,right_ear,0.470978,0.130871,0.706162
7.280000,5,left_shoulder,0.530913,0.208605,0.768210
7.280000,6,right_shoulder,0.459896,0.201990,0.620098
7.280000,7,left_elbow,0.502609,0.266754,0.348470
7.280000,8,right_elbow,0.495917,0.256937,0.426747
7.280000,9,left_wrist,0.436319,0.214256,0.371199
7.280000,10,right_wrist,0.574423,0.292027,0.509011
7.280000,11,left_hip,0.515395,0.448558,0.715722
7.280000,12,right_hip,0.465708,0.449893,0.799675
7.280000,13,left_knee,0.528396,0.619650,0.745111
7.280000,14,right_knee,0.462531,0.625329,0.815531
7.280000,15,left_ankle,0.542881,0.793771,0.756321
7.280000,16,right_ankle,0.446632,0.799397,0.662200
7.450000,0,nose,0.499779,0.135946,0.586924
7.450000,1,left_eye,0.511281,0.123371,0.622576
7.450000,2,right_eye,0.487278,0.122762,0.656631
7.450000,3,left_ear,0.523828,0.131856,0.752602
7.450000,4,right_ear,0.471138,0.134742,0.605683
7.450000,5,left_shoulder,0.544381,0.204177,0.746974
7.450000,6,right_shoulder,0.448804,0.213692,0.520914
7.450000,7,left_elbow,0.540231,0.256231,0.392909
7.450000,8,right_elbow,0.434122,0.285931,0.552070
7.450000,9,left_wrist,0.525800,0.223917,0.303161
7.450000,10,right_wrist,0.447419,0.246544,0.435802
7.450000,11,left_hip,0.522521,0.446666,0.682310
7.450000,12,right_hip,0.466025,0.445568,0.700562
7.450000,13,left_knee,0.529106,0.613150,0.658335
7.450000,14,right_knee,0.462113,0.620290,0.687905
7.450000,15,left_ankle,0.543682,0.790178,0.619803
7.450000,16,right_ankle,0.447793,0.801265,0.654662
7.610000,0,nose,0.495229,0.128180,0.654848
7.610000,1,left_eye,0.506760,0.116906,0.856787
7.610000,2,right_eye,0.484078,0.115620,0.615580
7.610000,3,left_ear,0.518640,0.128561,0.606673
7.610000,4,right_ear,0.465028,0.127149,0.522523
7.610000,5,left_shoulder,0.534712,0.206056,0.774268
7.610000,6,right_shoulder,0.440832,0.208203,0.796094
7.610000,7,left_elbow,0.583737,0.237378,0.675388
7.610000,8,right_elbow,0.391269,0.255371,0.670838
7.610000,9,left_wrist,0.653373,0.227480,0.786843
7.610000,10,right_wrist,0.317091,0.262145,0.863885
7.610000,11,left_hip,0.523406,0.447823,0.823734
7.610000,12,right_hip,0.464683,0.449855,0.765455
7.610000,13,left_knee,0.530047,0.615014,0.659840
7.610000,14,right_knee,0.462450,0.618034,0.823846
7.610000,15,left_ankle,0.545583,0.793659,0.643690
7.610000,16,right_ankle,0.449257,0.802540,0.654328
7.770000,0,nose,0.497755,0.122612,0.750789
7.770000,1,left_eye,0.506431,0.111165,0.726007
7.770000,2,right_eye,0.483219,0.109673,0.450870
7.770000,3,left_ear,0.516718,0.124015,0.435924
7.770000,4,right_ear,0.464198,0.118824,0.726134
7.770000,5,left_shoulder,0.528991,0.200339,0.750975
7.770000,6,right_shoulder,0.442849,0.204806,0.758645
7.770000,7,left_elbow,0.580797,0.237617,0.761253
7.770000,8,right_elbow,0.397570,0.253056,0.721932
7.770000,9,left_wrist,0.652947,0.234734,0.781200
7.770000,10,right_wrist,0.335597,0.265098,0.719382
7.770000,11,left_hip,0.523222,0.449867,0.852576
7.770000,12,right_hip,0.465708,0.452233,0.756871
7.770000,13,left_knee,0.529291,0.616915,0.711221
7.770000,14,right_knee,0.461542,0.621024,0.849837
7.770000,15,left_ankle,0.544872,0.793455,0.710591
7.770000,16,right_ankle,0.448902,0.801529,0.709383
7.930000,0,nose,0.496584,0.121512,0.775120
7.930000,1,left_eye,0.505176,0.109325,0.592782
7.930000,2,right_eye,0.481654,0.109268,0.640373
7.930000,3,left_ear,0.516463,0.119438,0.729749
7.930000,4,right_ear,0.464298,0.117314,0.768034
7.930000,5,left_shoulder,0.530154,0.194833,0.725450
7.930000,6,right_shoulder,0.445525,0.205018,0.773952
7.930000,7,left_elbow,0.566646,0.245297,0.716118
7.930000,8,right_elbow,0.413078,0.268646,0.614519
7.930000,9,left_wrist,0.611083,0.256508,0.564460
7.930000,10,right_wrist,0.389707,0.276283,0.667872
7.930000,11,left_hip,0.522364,0.449020,0.826677
7.930000,12,right_hip,0.467298,0.451205,0.769913
7.930000,13,left_knee,0.528829,0.618089,0.656796
7.930000,14,right_knee,0.462413,0.621335,0.831880
7.930000,15,left_ankle,0.544183,0.793932,0.731612
7.930000,16,right_ankle,0.449275,0.801975,0.731761
8.090000,0,nose,0.496462,0.122818,0.745719
8.090000,1,left_eye,0.504986,0.110410,0.618488
8.090000,2,right_eye,0.481970,0.110281,0.434288
8.090000,3,left_ear,0.517362,0.120388,0.564064
8.090000,4,right_ear,0.464778,0.118517,0.714184
8.090000,5,left_shoulder,0.531862,0.193082,0.763470
8.090000,6,right_shoulder,0.451177,0.200320,0.731397
8.090000,7,left_elbow,0.571046,0.245393,0.709142
8.090000,8,right_elbow,0.423785,0.269695,0.605785
8.090000,9,left_wrist,0.622237,0.256841,0.627530
8.090000,10,right_wrist,0.386695,0.286433,0.640864
8.090000,11,left_hip,0.522675,0.445873,0.802359
8.090000,12,right_hip,0.468177,0.448412,0.768658
8.090000,13,left_knee,0.529118,0.616411,0.680314
8.090000,14,right_knee,0.462174,0.618967,0.831452
8.090000,15,left_ankle,0.544313,0.792980,0.738607
8.090000,16,right_ankle,0.448513,0.801369,0.739893
8.260000,0,nose,0.494299,0.125315,0.553213
8.260000,1,left_eye,0.505380,0.114517,0.731503
8.260000,2,right_eye,0.482167,0.113734,0.547015
8.260000,3,left_ear,0.520309,0.125400,0.450175
8.260000,4,right_ear,0.464538,0.125260,0.357792
8.260000,5,left_shoulder,0.535584,0.206237,0.754745
8.260000,6,right_shoulder,0.449262,0.210873,0.770371
8.260000,7,left_elbow,0.582527,0.242086,0.648890
8.260000,8,right_elbow,0.397144,0.265743,0.553959
8.260000,9,left_wrist,0.669296,0.230501,0.621477
8.260000,10,right_wrist,0.335935,0.278946,0.704163
8.260000,11,left_hip,0.523932,0.444256,0.757296
8.260000,12,right_hip,0.465953,0.445359,0.689071
8.260000,13,left_knee,0.529669,0.615530,0.638364
8.260000,14,right_knee,0.463007,0.615630,0.771254
8.260000,15,left_ankle,0.544318,0.797188,0.643016
8.260000,16,right_ankle,0.449013,0.802975,0.607824
8.420000,0,nose,0.495235,0.127751,0.608493
8.420000,1,left_eye,0.505917,0.116242,0.817542
8.420000,2,right_eye,0.484350,0.116685,0.658314
8.420000,3,left_ear,0.519605,0.127422,0.596265
8.420000,4,right_ear,0.468032,0.129812,0.592610
8.420000,5,left_shoulder,0.536235,0.206772,0.752123
8.420000,6,right_shoulder,0.450937,0.210306,0.682255
8.420000,7,left_elbow,0.574045,0.233728,0.615232
8.420000,8,right_elbow,0.403161,0.261345,0.407536
8.420000,9,left_wrist,0.628496,0.203058,0.672610
8.420000,10,right_wrist,0.357245,0.272037,0.696666
8.420000,11,left_hip,0.523900,0.447298,0.777021
8.420000,12,right_hip,0.465116,0.448457,0.677099
8.420000,13,left_knee,0.530407,0.615900,0.592185
8.420000,14,right_knee,0.462572,0.617376,0.744706
8.420000,15,left_ankle,0.544833,0.795083,0.668517
8.420000,16,right_ankle,0.448948,0.801997,0.633362
8.580000,0,nose,0.499285,0.135072,0.546931
8.580000,1,left_eye,0.510884,0.119301,0.710237
8.580000,2,right_eye,0.485627,0.119456,0.688430
8.580000,3,left_ear,0.523707,0.127264,0.627276
8.580000,4,right_ear,0.467151,0.129431,0.494950
8.580000,5,left_shoulder,0.540031,0.200735,0.662961
8.580000,6,right_shoulder,0.455735,0.198707,0.690041
8.580000,7,left_elbow,0.521884,0.299807,0.519726
8.580000,8,right_elbow,0.482112,0.292886,0.340404
8.580000,9,left_wrist,0.494640,0.258275,0.172583
8.580000,10,right_wrist,0.475233,0.246528,0.325854
8.580000,11,left_hip,0.524735,0.436071,0.690414
8.580000,12,right_hip,0.468567,0.438624,0.674671
8.580000,13,left_knee,0.528119,0.613125,0.752364
8.580000,14,right_knee,0.463920,0.615468,0.734336
8.580000,15,left_ankle,0.546440,0.798016,0.644303
8.580000,16,right_ankle,0.448808,0.805287,0.688825
8.740000,0,nose,0.498078,0.133732,0.676343
8.740000,1,left_eye,0.510020,0.120416,0.769759
8.740000,2,right_eye,0.486527,0.118550,0.735566
8.740000,3,left_ear,0.519222,0.129738,0.707840
8.740000,4,right_ear,0.466655,0.126674,0.567113
8.740000,5,left_shoulder,0.527668,0.207846,0.761081
8.740000,6,right_shoulder,0.453554,0.209610,0.829214
8.740000,7,left_elbow,0.505732,0.262764,0.339898
8.740000,8,right_elbow,0.496384,0.256326,0.509640
8.740000,9,left_wrist,0.408184,0.223078,0.526960
8.740000,10,right_wrist,0.583479,0.290109,0.693776
8.740000,11,left_hip,0.515777,0.445896,0.739020
8.740000,12,right_hip,0.466978,0.448276,0.773347
8.740000,13,left_knee,0.527903,0.622015,0.758947
8.740000,14,right_knee,0.463884,0.627113,0.796226
8.740000,15,left_ankle,0.543691,0.796617,0.753092
8.740000,16,right_ankle,0.447190,0.802043,0.637764
8.900000,0,nose,0.496546,0.135713,0.773146
8.900000,1,left_eye,0.508485,0.122217,0.676491
8.900000,2,right_eye,0.484649,0.120707,0.682920
8.900000,3,left_ear,0.519029,0.131095,0.725702
8.900000,4,right_ear,0.467081,0.128142,0.576184
8.900000,5,left_shoulder,0.527144,0.207782,0.777273
8.900000,6,right_shoulder,0.457207,0.209277,0.686550
8.900000,7,left_elbow,0.502543,0.257225,0.330347
8.900000,8,right_elbow,0.494530,0.261605,0.529578
8.900000,9,left_wrist,0.406439,0.228346,0.570174
8.900000,10,right_wrist,0.580949,0.288856,0.759967
8.900000,11,left_hip,0.517210,0.451093,0.641416
8.900000,12,right_hip,0.467963,0.451535,0.786962
8.900000,13,left_knee,0.528863,0.620069,0.762607
8.900000,14,right_knee,0.463810,0.625630,0.809672
8.900000,15,left_ankle,0.542004,0.792489,0.567094
8.900000,16,right_ankle,0.447404,0.796780,0.688278
9.060000,0,nose,0.495879,0.134693,0.733509
9.060000,1,left_eye,0.505646,0.123332,0.492746
9.060000,2,right_eye,0.482552,0.121726,0.540215
9.060000,3,left_ear,0.518817,0.131572,0.618327
9.060000,4,right_ear,0.466742,0.132656,0.508843
9.060000,5,left_shoulder,0.533075,0.196564,0.649735
9.060000,6,right_shoulder,0.450368,0.198859,0.525930
9.060000,7,left_elbow,0.508873,0.271781,0.383212
9.060000,8,right_elbow,0.472622,0.272658,0.440816
9.060000,9,left_wrist,0.491810,0.249705,0.274970
9.060000,10,right_wrist,0.471870,0.251704,0.455655
9.060000,11,left_hip,0.523902,0.443685,0.719528
9.060000,12,right_hip,0.468779,0.442893,0.709088
9.060000,13,left_knee,0.529907,0.613885,0.574161
9.060000,14,right_knee,0.462846,0.614991,0.700726
9.060000,15,left_ankle,0.545579,0.798030,0.696881
9.060000,16,right_ankle,0.447227,0.800870,0.624012
9.230000,0,nose,0.494302,0.128489,0.665305
9.230000,1,left_eye,0.505381,0.116821,0.788512
9.230000,2,right_eye,0.483082,0.116674,0.616695
9.230000,3,left_ear,0.518246,0.128010,0.549559
9.230000,4,right_ear,0.465725,0.128205,0.544737
9.230000,5,left_shoulder,0.538345,0.203723,0.789126
9.230000,6,right_shoulder,0.444095,0.206682,0.817412
9.230000,7,left_elbow,0.587894,0.235950,0.768524
9.230000,8,right_elbow,0.395725,0.251899,0.712125
9.230000,9,left_wrist,0.652480,0.213766,0.599538
9.230000,10,right_wrist,0.336399,0.248979,0.665774
9.230000,11,left_hip,0.524060,0.444859,0.801002
9.230000,12,right_hip,0.464647,0.446849,0.701108
9.230000,13,left_knee,0.528724,0.615110,0.615119
9.230000,14,right_knee,0.462129,0.616136,0.824784
9.230000,15,left_ankle,0.544456,0.795822,0.675386
9.230000,16,right_ankle,0.448918,0.802870,0.650479
9.390000,0,nose,0.496898,0.122800,0.686652
9.390000,1,left_eye,0.505642,0.112167,0.629508
9.390000,2,right_eye,0.483480,0.110765,0.397155
9.390000,3,left_ear,0.518504,0.125464,0.405813
9.390000,4,right_ear,0.465466,0.119910,0.557680
9.390000,5,left_shoulder,0.533686,0.207017,0.747573
9.390000,6,right_shoulder,0.445881,0.207883,0.741929
9.390000,7,left_elbow,0.592914,0.246126,0.728860
9.390000,8,right_elbow,0.396641,0.248110,0.533582
9.390000,9,left_wrist,0.658550,0.240118,0.723637
9.390000,10,right_wrist,0.319201,0.252059,0.719637
9.390000,11,left_hip,0.522524,0.443861,0.743380
9.390000,12,right_hip,0.465767,0.444692,0.671385
9.390000,13,left_knee,0.528970,0.613792,0.579452
9.390000,14,right_knee,0.462054,0.614231,0.795479
9.390000,15,left_ankle,0.543838,0.791465,0.583022
9.390000,16,right_ankle,0.448770,0.800414,0.594558
9.550000,0,nose,0.497711,0.121832,0.766991
9.550000,1,left_eye,0.505610,0.109787,0.603474
9.550000,2,right_eye,0.483603,0.108633,0.450734
9.550000,3,left_ear,0.517616,0.119497,0.613912
9.550000,4,right_ear,0.466630,0.119698,0.641702
9.550000,5,left_shoulder,0.534010,0.196317,0.825358
9.550000,6,right_shoulder,0.451650,0.202189,0.796495
9.550000,7,left_elbow,0.572314,0.247373,0.527840
9.550000,8,right_elbow,0.415781,0.252572,0.678122
9.550000,9,left_wrist,0.619081,0.259963,0.639997
9.550000,10,right_wrist,0.371676,0.266175,0.653599
9.550000,11,left_hip,0.519713,0.446738,0.807086
9.550000,12,right_hip,0.467210,0.448616,0.771859
9.550000,13,left_knee,0.528206,0.616953,0.664165
9.550000,14,right_knee,0.462450,0.620458,0.869871
9.550000,15,left_ankle,0.545570,0.792215,0.736697
9.550000,16,right_ankle,0.449106,0.801326,0.751382
9.710000,0,nose,0.497545,0.122836,0.724231
9.710000,1,left_eye,0.505776,0.110609,0.630550
9.710000,2,right_eye,0.482836,0.110142,0.418905
9.710000,3,left_ear,0.517679,0.119907,0.590172
9.710000,4,right_ear,0.466263,0.120661,0.611505
9.710000,5,left_shoulder,0.532424,0.195943,0.771786
9.710000,6,right_shoulder,0.453418,0.201516,0.727814
9.710000,7,left_elbow,0.571861,0.247523,0.453008
9.710000,8,right_elbow,0.414917,0.256435,0.551067
9.710000,9,left_wrist,0.616803,0.265740,0.592312
9.710000,10,right_wrist,0.378952,0.275177,0.710783
9.710000,11,left_hip,0.522058,0.446204,0.772050
9.710000,12,right_hip,0.466981,0.448282,0.714821
9.710000,13,left_knee,0.528734,0.616155,0.624032
9.710000,14,right_knee,0.462041,0.618041,0.836293
9.710000,15,left_ankle,0.545402,0.790802,0.670127
9.710000,16,right_ankle,0.449326,0.799567,0.719652
9.870000,0,nose,0.494049,0.126549,0.652210
9.870000,1,left_eye,0.505562,0.115566,0.802768
9.870000,2,right_eye,0.481977,0.114485,0.603282
9.870000,3,left_ear,0.519845,0.125651,0.520645
9.870000,4,right_ear,0.465298,0.125418,0.457585
9.870000,5,left_shoulder,0.535933,0.204457,0.783743
9.870000,6,right_shoulder,0.449697,0.206661,0.783343
9.870000,7,left_elbow,0.586860,0.245082,0.755466
9.870000,8,right_elbow,0.396126,0.253071,0.584343
9.870000,9,left_wrist,0.660485,0.247108,0.594637
9.870000,10,right_wrist,0.325869,0.266958,0.846054
9.870000,11,left_hip,0.522633,0.444916,0.783474
9.870000,12,right_hip,0.465622,0.446093,0.699010
9.870000,13,left_knee,0.529113,0.614359,0.621324
9.870000,14,right_knee,0.462388,0.614237,0.795640
9.870000,15,left_ankle,0.544029,0.794832,0.656957
9.870000,16,right_ankle,0.448836,0.802067,0.628834
10.040000,0,nose,0.497213,0.131239,0.600755
10.040000,1,left_eye,0.507429,0.118033,0.809789
10.040000,2,right_eye,0.485631,0.119073,0.723188
10.040000,3,left_ear,0.519736,0.127882,0.562555
10.040000,4,right_ear,0.467512,0.130236,0.580364
10.040000,5,left_shoulder,0.535615,0.204523,0.721569
10.040000,6,right_shoulder,0.452506,0.207213,0.644180
10.040000,7,left_elbow,0.572010,0.249074,0.658616
10.040000,8,right_elbow,0.409010,0.262029,0.463231
10.040000,9,left_wrist,0.614576,0.224410,0.580617
10.040000,10,right_wrist,0.366012,0.272705,0.697056
10.040000,11,left_hip,0.522600,0.447173,0.757186
10.040000,12,right_hip,0.465116,0.447432,0.654756
10.040000,13,left_knee,0.528789,0.613764,0.510417
10.040000,14,right_knee,0.462886,0.615858,0.756770
10.040000,15,left_ankle,0.543747,0.792562,0.621814
10.040000,16,right_ankle,0.449168,0.803549,0.658110
10.200000,0,nose,0.497940,0.133478,0.572187
10.200000,1,left_eye,0.508334,0.120006,0.700548
10.200000,2,right_eye,0.484093,0.121102,0.587572
10.200000,3,left_ear,0.522141,0.126977,0.513549
10.200000,4,right_ear,0.464995,0.129497,0.490361
10.200000,5,left_shoulder,0.543624,0.202306,0.645199
10.200000,6,right_shoulder,0.448967,0.210118,0.638973
10.200000,7,left_elbow,0.524334,0.300391,0.264440
10.200000,8,right_elbow,0.475060,0.302381,0.315515
10.200000,9,left_wrist,0.501565,0.253256,0.257724
10.200000,10,right_wrist,0.472462,0.258516,0.271739
10.200000,11,left_hip,0.523374,0.422759,0.567855
10.200000,12,right_hip,0.468905,0.423291,0.554189
10.200000,13,left_knee,0.527453,0.607053,0.554886
10.200000,14,right_knee,0.463660,0.608778,0.637220
10.200000,15,left_ankle,0.543906,0.793272,0.508860
10.200000,16,right_ankle,0.449006,0.801873,0.577970
10.360000,0,nose,0.496173,0.133401,0.705313
10.360000,1,left_eye,0.506671,0.118668,0.740294
10.360000,2,right_eye,0.484041,0.118107,0.659398
10.360000,3,left_ear,0.516565,0.126112,0.612687
10.360000,4,right_ear,0.464877,0.123756,0.426491
10.360000,5,left_shoulder,0.529719,0.199286,0.645718
10.360000,6,right_shoulder,0.449549,0.205708,0.730728
10.360000,7,left_elbow,0.502764,0.271987,0.347712
10.360000,8,right_elbow,0.492264,0.271293,0.447151
10.360000,9,left_wrist,0.417568,0.246036,0.406255
10.360000,10,right_wrist,0.578949,0.306956,0.621636
10.360000,11,left_hip,0.518614,0.443064,0.739516
10.360000,12,right_hip,0.465672,0.443267,0.781769
10.360000,13,left_knee,0.527873,0.614448,0.779351
10.360000,14,right_knee,0.462184,0.618189,0.810217
10.360000,15,left_ankle,0.542940,0.793028,0.722839
10.360000,16,right_ankle,0.445598,0.798147,0.643610
10.520000,0,nose,0.495535,0.132077,0.683285
10.520000,1,left_eye,0.506784,0.117869,0.756105
10.520000,2,right_eye,0.484351,0.116907,0.628900
10.520000,3,left_ear,0.519021,0.125768,0.461350
10.520000,4,right_ear,0.466767,0.124003,0.444903
10.520000,5,left_shoulder,0.528429,0.202132,0.719529
10.520000,6,right_shoulder,0.454365,0.205471,0.686573
10.520000,7,left_elbow,0.499658,0.275344,0.317300
10.520000,8,right_elbow,0.495561,0.271557,0.478782
10.520000,9,left_wrist,0.421131,0.260824,0.379584
10.520000,10,right_wrist,0.568901,0.302347,0.561616
10.520000,11,left_hip,0.517264,0.443438,0.754428
10.520000,12,right_hip,0.467023,0.443815,0.755580
10.520000,13,left_knee,0.528346,0.615180,0.789310
10.520000,14,right_knee,0.462384,0.619228,0.790821
10.520000,15,left_ankle,0.542530,0.792342,0.764209
10.520000,16,right_ankle,0.445161,0.798319,0.639956
10.680000,0,nose,0.496271,0.132742,0.696386
10.680000,1,left_eye,0.506407,0.119713,0.707012
10.680000,2,right_eye,0.483831,0.119279,0.623114
10.680000,3,left_ear,0.519775,0.126645,0.498343
10.680000,4,right_ear,0.467635,0.127301,0.498409
10.680000,5,left_shoulder,0.543560,0.201061,0.772953
10.680000,6,right_shoulder,0.442248,0.202225,0.787813
10.680000,7,left_elbow,0.518332,0.263429,0.525788
10.680000,8,right_elbow,0.459529,0.274206,0.554339
10.680000,9,left_wrist,0.493507,0.268364,0.296795
10.680000,10,right_wrist,0.461011,0.282020,0.474530
10.680000,11,left_hip,0.518262,0.432710,0.701177
10.680000,12,right_hip,0.467306,0.432270,0.746232
10.680000,13,left_knee,0.528184,0.615625,0.759987
10.680000,14,right_knee,0.462028,0.618666,0.770208
10.680000,15,left_ankle,0.543431,0.802911,0.645472
10.680000,16,right_ankle,0.447848,0.803529,0.694503
10.840000,0,nose,0.494664,0.129620,0.708074
10.840000,1,left_eye,0.505250,0.117536,0.787941
10.840000,2,right_eye,0.482484,0.118121,0.647520
10.840000,3,left_ear,0.517914,0.126454,0.491902
10.840000,4,right_ear,0.466303,0.127901,0.565144
10.840000,5,left_shoulder,0.534225,0.199409,0.745824
10.840000,6,right_shoulder,0.444730,0.204831,0.809354
10.840000,7,left_elbow,0.580359,0.230935,0.631615
10.840000,8,right_elbow,0.397654,0.256706,0.704561
10.840000,9,left_wrist,0.629041,0.220478,0.709785
10.840000,10,right_wrist,0.354262,0.261639,0.623725
10.840000,11,left_hip,0.526170,0.443543,0.804813
10.840000,12,right_hip,0.464701,0.445965,0.786040
10.840000,13,left_knee,0.529208,0.614799,0.668289
10.840000,14,right_knee,0.461589,0.614586,0.821036
10.840000,15,left_ankle,0.543601,0.794531,0.748311
10.840000,16,right_ankle,0.447895,0.801118,0.664750
